"filename", "language", "JavaScript", "Markdown", "JSON", "XML", "Vue", "HTML", "JSON with Comments", "PostCSS", "comment", "blank", "total"
"c:\Users\snltty\Desktop\linker\src\linker.web\README.md", "Markdown", 0, 15, 0, 0, 0, 0, 0, 0, 0, 5, 20
"c:\Users\snltty\Desktop\linker\src\linker.web\babel.config.js", "JavaScript", 5, 0, 0, 0, 0, 0, 0, 0, 0, 1, 6
"c:\Users\snltty\Desktop\linker\src\linker.web\jsconfig.json", "JSON with Comments", 0, 0, 0, 0, 0, 0, 19, 0, 0, 1, 20
"c:\Users\snltty\Desktop\linker\src\linker.web\package-lock.json", "JSON", 0, 0, 9999, 0, 0, 0, 0, 0, 0, 1, 10000
"c:\Users\snltty\Desktop\linker\src\linker.web\package.json", "JSON", 0, 0, 31, 0, 0, 0, 0, 0, 0, 1, 32
"c:\Users\snltty\Desktop\linker\src\linker.web\public\aliyun.svg", "XML", 0, 0, 0, 1, 0, 0, 0, 0, 0, 0, 1
"c:\Users\snltty\Desktop\linker\src\linker.web\public\alpine.svg", "XML", 0, 0, 0, 1, 0, 0, 0, 0, 0, 0, 1
"c:\Users\snltty\Desktop\linker\src\linker.web\public\amazon.svg", "XML", 0, 0, 0, 1, 0, 0, 0, 0, 0, 0, 1
"c:\Users\snltty\Desktop\linker\src\linker.web\public\android.svg", "XML", 0, 0, 0, 1, 0, 0, 0, 0, 0, 0, 1
"c:\Users\snltty\Desktop\linker\src\linker.web\public\archlinux.svg", "XML", 0, 0, 0, 1, 0, 0, 0, 0, 0, 0, 1
"c:\Users\snltty\Desktop\linker\src\linker.web\public\armbian.svg", "XML", 0, 0, 0, 1, 0, 0, 0, 0, 0, 0, 1
"c:\Users\snltty\Desktop\linker\src\linker.web\public\centos.svg", "XML", 0, 0, 0, 1, 0, 0, 0, 0, 0, 0, 1
"c:\Users\snltty\Desktop\linker\src\linker.web\public\chinamobile.svg", "XML", 0, 0, 0, 1, 0, 0, 0, 0, 0, 0, 1
"c:\Users\snltty\Desktop\linker\src\linker.web\public\chinanet.svg", "XML", 0, 0, 0, 1, 0, 0, 0, 0, 0, 0, 1
"c:\Users\snltty\Desktop\linker\src\linker.web\public\chinaunicom.svg", "XML", 0, 0, 0, 1, 0, 0, 0, 0, 0, 0, 1
"c:\Users\snltty\Desktop\linker\src\linker.web\public\debian.svg", "XML", 0, 0, 0, 1, 0, 0, 0, 0, 0, 0, 1
"c:\Users\snltty\Desktop\linker\src\linker.web\public\docker.svg", "XML", 0, 0, 0, 1, 0, 0, 0, 0, 0, 0, 1
"c:\Users\snltty\Desktop\linker\src\linker.web\public\fedora.svg", "XML", 0, 0, 0, 1, 0, 0, 0, 0, 0, 0, 1
"c:\Users\snltty\Desktop\linker\src\linker.web\public\google.svg", "XML", 0, 0, 0, 1, 0, 0, 0, 0, 0, 0, 1
"c:\Users\snltty\Desktop\linker\src\linker.web\public\huawei.svg", "XML", 0, 0, 0, 1, 0, 0, 0, 0, 0, 0, 1
"c:\Users\snltty\Desktop\linker\src\linker.web\public\index.html", "HTML", 0, 0, 0, 0, 0, 23, 0, 0, 1, 3, 27
"c:\Users\snltty\Desktop\linker\src\linker.web\public\ios.svg", "XML", 0, 0, 0, 1, 0, 0, 0, 0, 0, 0, 1
"c:\Users\snltty\Desktop\linker\src\linker.web\public\iphone.svg", "XML", 0, 0, 0, 1, 0, 0, 0, 0, 0, 0, 1
"c:\Users\snltty\Desktop\linker\src\linker.web\public\jdcom.svg", "XML", 0, 0, 0, 1, 0, 0, 0, 0, 0, 0, 1
"c:\Users\snltty\Desktop\linker\src\linker.web\public\linux.svg", "XML", 0, 0, 0, 1, 0, 0, 0, 0, 0, 0, 1
"c:\Users\snltty\Desktop\linker\src\linker.web\public\openwrt.svg", "XML", 0, 0, 0, 1, 0, 0, 0, 0, 0, 0, 1
"c:\Users\snltty\Desktop\linker\src\linker.web\public\oppo.svg", "XML", 0, 0, 0, 1, 0, 0, 0, 0, 0, 0, 1
"c:\Users\snltty\Desktop\linker\src\linker.web\public\rocky.svg", "XML", 0, 0, 0, 1, 0, 0, 0, 0, 0, 0, 1
"c:\Users\snltty\Desktop\linker\src\linker.web\public\samsung.svg", "XML", 0, 0, 0, 1, 0, 0, 0, 0, 0, 0, 1
"c:\Users\snltty\Desktop\linker\src\linker.web\public\system.svg", "XML", 0, 0, 0, 1, 0, 0, 0, 0, 0, 0, 1
"c:\Users\snltty\Desktop\linker\src\linker.web\public\ubuntu.svg", "XML", 0, 0, 0, 1, 0, 0, 0, 0, 0, 0, 1
"c:\Users\snltty\Desktop\linker\src\linker.web\public\vivo.svg", "XML", 0, 0, 0, 1, 0, 0, 0, 0, 0, 0, 1
"c:\Users\snltty\Desktop\linker\src\linker.web\public\windows.svg", "XML", 0, 0, 0, 1, 0, 0, 0, 0, 0, 0, 1
"c:\Users\snltty\Desktop\linker\src\linker.web\public\xiaomi.svg", "XML", 0, 0, 0, 1, 0, 0, 0, 0, 0, 0, 1
"c:\Users\snltty\Desktop\linker\src\linker.web\src\App.vue", "Vue", 0, 0, 0, 0, 32, 0, 0, 0, 0, 6, 38
"c:\Users\snltty\Desktop\linker\src\linker.web\src\apis\access.js", "JavaScript", 13, 0, 0, 0, 0, 0, 0, 0, 0, 1, 14
"c:\Users\snltty\Desktop\linker\src\linker.web\src\apis\action.js", "JavaScript", 7, 0, 0, 0, 0, 0, 0, 0, 0, 2, 9
"c:\Users\snltty\Desktop\linker\src\linker.web\src\apis\cdkey.js", "JavaScript", 25, 0, 0, 0, 0, 0, 0, 0, 0, 1, 26
"c:\Users\snltty\Desktop\linker\src\linker.web\src\apis\config.js", "JavaScript", 22, 0, 0, 0, 0, 0, 0, 0, 0, 2, 24
"c:\Users\snltty\Desktop\linker\src\linker.web\src\apis\firewall.js", "JavaScript", 16, 0, 0, 0, 0, 0, 0, 0, 0, 1, 17
"c:\Users\snltty\Desktop\linker\src\linker.web\src\apis\flow.js", "JavaScript", 28, 0, 0, 0, 0, 0, 0, 0, 0, 1, 29
"c:\Users\snltty\Desktop\linker\src\linker.web\src\apis\forward.js", "JavaScript", 28, 0, 0, 0, 0, 0, 0, 0, 0, 2, 30
"c:\Users\snltty\Desktop\linker\src\linker.web\src\apis\logger.js", "JavaScript", 13, 0, 0, 0, 0, 0, 0, 0, 0, 4, 17
"c:\Users\snltty\Desktop\linker\src\linker.web\src\apis\plan.js", "JavaScript", 10, 0, 0, 0, 0, 0, 0, 0, 0, 2, 12
"c:\Users\snltty\Desktop\linker\src\linker.web\src\apis\relay.js", "JavaScript", 31, 0, 0, 0, 0, 0, 0, 0, 0, 2, 33
"c:\Users\snltty\Desktop\linker\src\linker.web\src\apis\request.js", "JavaScript", 158, 0, 0, 0, 0, 0, 0, 0, 19, 8, 185
"c:\Users\snltty\Desktop\linker\src\linker.web\src\apis\sforward.js", "JavaScript", 25, 0, 0, 0, 0, 0, 0, 0, 0, 3, 28
"c:\Users\snltty\Desktop\linker\src\linker.web\src\apis\signin.js", "JavaScript", 37, 0, 0, 0, 0, 0, 0, 0, 0, 6, 43
"c:\Users\snltty\Desktop\linker\src\linker.web\src\apis\socks5.js", "JavaScript", 22, 0, 0, 0, 0, 0, 0, 0, 0, 3, 25
"c:\Users\snltty\Desktop\linker\src\linker.web\src\apis\sync.js", "JavaScript", 7, 0, 0, 0, 0, 0, 0, 0, 0, 1, 8
"c:\Users\snltty\Desktop\linker\src\linker.web\src\apis\tunnel.js", "JavaScript", 28, 0, 0, 0, 0, 0, 0, 0, 0, 4, 32
"c:\Users\snltty\Desktop\linker\src\linker.web\src\apis\tuntap.js", "JavaScript", 46, 0, 0, 0, 0, 0, 0, 0, 0, 7, 53
"c:\Users\snltty\Desktop\linker\src\linker.web\src\apis\updater.js", "JavaScript", 37, 0, 0, 0, 0, 0, 0, 0, 0, 4, 41
"c:\Users\snltty\Desktop\linker\src\linker.web\src\apis\wakeup.js", "JavaScript", 19, 0, 0, 0, 0, 0, 0, 0, 0, 1, 20
"c:\Users\snltty\Desktop\linker\src\linker.web\src\apis\wlist.js", "JavaScript", 10, 0, 0, 0, 0, 0, 0, 0, 0, 0, 10
"c:\Users\snltty\Desktop\linker\src\linker.web\src\assets\anquan.svg", "XML", 0, 0, 0, 1, 0, 0, 0, 0, 0, 0, 1
"c:\Users\snltty\Desktop\linker\src\linker.web\src\assets\cell.svg", "XML", 0, 0, 0, 5, 0, 0, 0, 0, 0, 0, 5
"c:\Users\snltty\Desktop\linker\src\linker.web\src\assets\coin.svg", "XML", 0, 0, 0, 1, 0, 0, 0, 0, 0, 0, 1
"c:\Users\snltty\Desktop\linker\src\linker.web\src\assets\dadong.svg", "XML", 0, 0, 0, 1, 0, 0, 0, 0, 0, 0, 1
"c:\Users\snltty\Desktop\linker\src\linker.web\src\assets\dianchi.svg", "XML", 0, 0, 0, 1, 0, 0, 0, 0, 0, 0, 1
"c:\Users\snltty\Desktop\linker\src\linker.web\src\assets\fuwuqi.svg", "XML", 0, 0, 0, 1, 0, 0, 0, 0, 0, 0, 1
"c:\Users\snltty\Desktop\linker\src\linker.web\src\assets\group.svg", "XML", 0, 0, 0, 1, 0, 0, 0, 0, 0, 0, 1
"c:\Users\snltty\Desktop\linker\src\linker.web\src\assets\loading.svg", "XML", 0, 0, 0, 1, 0, 0, 0, 0, 0, 0, 1
"c:\Users\snltty\Desktop\linker\src\linker.web\src\assets\login.svg", "XML", 0, 0, 0, 1, 0, 0, 0, 0, 0, 0, 1
"c:\Users\snltty\Desktop\linker\src\linker.web\src\assets\no-permission.svg", "XML", 0, 0, 0, 1, 0, 0, 0, 0, 0, 0, 1
"c:\Users\snltty\Desktop\linker\src\linker.web\src\assets\qidong.svg", "XML", 0, 0, 0, 1, 0, 0, 0, 0, 0, 0, 1
"c:\Users\snltty\Desktop\linker\src\linker.web\src\assets\rizhi.svg", "XML", 0, 0, 0, 1, 0, 0, 0, 0, 0, 0, 1
"c:\Users\snltty\Desktop\linker\src\linker.web\src\assets\run.svg", "XML", 0, 0, 0, 1, 0, 0, 0, 0, 0, 0, 1
"c:\Users\snltty\Desktop\linker\src\linker.web\src\assets\shouye.svg", "XML", 0, 0, 0, 1, 0, 0, 0, 0, 0, 0, 1
"c:\Users\snltty\Desktop\linker\src\linker.web\src\assets\shuaxin2.svg", "XML", 0, 0, 0, 1, 0, 0, 0, 0, 0, 0, 1
"c:\Users\snltty\Desktop\linker\src\linker.web\src\assets\style.css", "PostCSS", 0, 0, 0, 0, 0, 0, 0, 393, 10, 110, 513
"c:\Users\snltty\Desktop\linker\src\linker.web\src\lang\en-us.js", "JavaScript", 315, 0, 0, 0, 0, 0, 0, 0, 0, 29, 344
"c:\Users\snltty\Desktop\linker\src\linker.web\src\lang\index.js", "JavaScript", 18, 0, 0, 0, 0, 0, 0, 0, 0, 1, 19
"c:\Users\snltty\Desktop\linker\src\linker.web\src\lang\provide.js", "JavaScript", 19, 0, 0, 0, 0, 0, 0, 0, 0, 0, 19
"c:\Users\snltty\Desktop\linker\src\linker.web\src\lang\zh-cn.js", "JavaScript", 399, 0, 0, 0, 0, 0, 0, 0, 0, 39, 438
"c:\Users\snltty\Desktop\linker\src\linker.web\src\main.js", "JavaScript", 68, 0, 0, 0, 0, 0, 0, 0, 0, 9, 77
"c:\Users\snltty\Desktop\linker\src\linker.web\src\provide.js", "JavaScript", 40, 0, 0, 0, 0, 0, 0, 0, 3, 4, 47
"c:\Users\snltty\Desktop\linker\src\linker.web\src\router\index.js", "JavaScript", 61, 0, 0, 0, 0, 0, 0, 0, 0, 4, 65
"c:\Users\snltty\Desktop\linker\src\linker.web\src\views\Api.vue", "Vue", 0, 0, 0, 0, 128, 0, 0, 0, 0, 9, 137
"c:\Users\snltty\Desktop\linker\src\linker.web\src\views\NoPermission.vue", "Vue", 0, 0, 0, 0, 41, 0, 0, 0, 0, 5, 46
"c:\Users\snltty\Desktop\linker\src\linker.web\src\views\Refresh.vue", "Vue", 0, 0, 0, 0, 71, 0, 0, 0, 0, 8, 79
"c:\Users\snltty\Desktop\linker\src\linker.web\src\views\components\accesss\Access.vue", "Vue", 0, 0, 0, 0, 106, 0, 0, 0, 0, 5, 111
"c:\Users\snltty\Desktop\linker\src\linker.web\src\views\components\accesss\AccessEdit.vue", "Vue", 0, 0, 0, 0, 60, 0, 0, 0, 0, 3, 63
"c:\Users\snltty\Desktop\linker\src\linker.web\src\views\components\accesss\AccessNum.vue", "Vue", 0, 0, 0, 0, 29, 0, 0, 0, 0, 5, 34
"c:\Users\snltty\Desktop\linker\src\linker.web\src\views\components\accesss\access.js", "JavaScript", 35, 0, 0, 0, 0, 0, 0, 0, 0, 3, 38
"c:\Users\snltty\Desktop\linker\src\linker.web\src\views\components\action\Action.vue", "Vue", 0, 0, 0, 0, 72, 0, 0, 0, 0, 1, 73
"c:\Users\snltty\Desktop\linker\src\linker.web\src\views\components\cdkey\Add.vue", "Vue", 0, 0, 0, 0, 136, 0, 0, 0, 0, 3, 139
"c:\Users\snltty\Desktop\linker\src\linker.web\src\views\components\cdkey\Flags.vue", "Vue", 0, 0, 0, 0, 43, 0, 0, 0, 0, 7, 50
"c:\Users\snltty\Desktop\linker\src\linker.web\src\views\components\cdkey\Index.vue", "Vue", 0, 0, 0, 0, 29, 0, 0, 0, 0, 5, 34
"c:\Users\snltty\Desktop\linker\src\linker.web\src\views\components\cdkey\Manager.vue", "Vue", 0, 0, 0, 0, 183, 0, 0, 0, 0, 5, 188
"c:\Users\snltty\Desktop\linker\src\linker.web\src\views\components\cdkey\My.vue", "Vue", 0, 0, 0, 0, 193, 0, 0, 0, 0, 6, 199
"c:\Users\snltty\Desktop\linker\src\linker.web\src\views\components\cdkey\Test.vue", "Vue", 0, 0, 0, 0, 198, 0, 0, 0, 0, 3, 201
"c:\Users\snltty\Desktop\linker\src\linker.web\src\views\components\connection\ConnectionShow.vue", "Vue", 0, 0, 0, 0, 86, 0, 0, 0, 0, 9, 95
"c:\Users\snltty\Desktop\linker\src\linker.web\src\views\components\connection\ConnectionsEdit.vue", "Vue", 0, 0, 0, 0, 281, 0, 0, 0, 0, 13, 294
"c:\Users\snltty\Desktop\linker\src\linker.web\src\views\components\connection\connections.js", "JavaScript", 133, 0, 0, 0, 0, 0, 0, 0, 0, 16, 149
"c:\Users\snltty\Desktop\linker\src\linker.web\src\views\components\device\Device.vue", "Vue", 0, 0, 0, 0, 75, 0, 0, 0, 0, 7, 82
"c:\Users\snltty\Desktop\linker\src\linker.web\src\views\components\device\DeviceEdit.vue", "Vue", 0, 0, 0, 0, 66, 0, 0, 0, 0, 3, 69
"c:\Users\snltty\Desktop\linker\src\linker.web\src\views\components\device\DeviceName.vue", "Vue", 0, 0, 0, 0, 67, 0, 0, 0, 0, 8, 75
"c:\Users\snltty\Desktop\linker\src\linker.web\src\views\components\device\devices.js", "JavaScript", 111, 0, 0, 0, 0, 0, 0, 0, 1, 5, 117
"c:\Users\snltty\Desktop\linker\src\linker.web\src\views\components\firewall\Add.vue", "Vue", 0, 0, 0, 0, 210, 0, 0, 0, 0, 11, 221
"c:\Users\snltty\Desktop\linker\src\linker.web\src\views\components\firewall\Firewall.vue", "Vue", 0, 0, 0, 0, 290, 0, 0, 0, 0, 15, 305
"c:\Users\snltty\Desktop\linker\src\linker.web\src\views\components\flow\Index.vue", "Vue", 0, 0, 0, 0, 184, 0, 0, 0, 0, 17, 201
"c:\Users\snltty\Desktop\linker\src\linker.web\src\views\components\flow\OnlineAllMap.vue", "Vue", 0, 0, 0, 0, 75, 0, 0, 0, 0, 9, 84
"c:\Users\snltty\Desktop\linker\src\linker.web\src\views\components\flow\OnlineMap.vue", "Vue", 0, 0, 0, 0, 87, 0, 0, 0, 0, 9, 96
"c:\Users\snltty\Desktop\linker\src\linker.web\src\views\components\flow\ServerFlowForward.vue", "Vue", 0, 0, 0, 0, 136, 0, 0, 0, 0, 10, 146
"c:\Users\snltty\Desktop\linker\src\linker.web\src\views\components\flow\ServerFlowMessenger.vue", "Vue", 0, 0, 0, 0, 111, 0, 0, 0, 0, 12, 123
"c:\Users\snltty\Desktop\linker\src\linker.web\src\views\components\flow\ServerFlowRelay.vue", "Vue", 0, 0, 0, 0, 141, 0, 0, 0, 0, 10, 151
"c:\Users\snltty\Desktop\linker\src\linker.web\src\views\components\flow\ServerFlowSForward.vue", "Vue", 0, 0, 0, 0, 141, 0, 0, 0, 0, 10, 151
"c:\Users\snltty\Desktop\linker\src\linker.web\src\views\components\flow\flow.js", "JavaScript", 19, 0, 0, 0, 0, 0, 0, 0, 0, 1, 20
"c:\Users\snltty\Desktop\linker\src\linker.web\src\views\components\forward\Config.vue", "Vue", 0, 0, 0, 0, 38, 0, 0, 0, 0, 3, 41
"c:\Users\snltty\Desktop\linker\src\linker.web\src\views\components\forward\Forward.vue", "Vue", 0, 0, 0, 0, 105, 0, 0, 0, 0, 4, 109
"c:\Users\snltty\Desktop\linker\src\linker.web\src\views\components\forward\ForwardEdit.vue", "Vue", 0, 0, 0, 0, 318, 0, 0, 0, 0, 13, 331
"c:\Users\snltty\Desktop\linker\src\linker.web\src\views\components\forward\SForwardEdit.vue", "Vue", 0, 0, 0, 0, 276, 0, 0, 0, 0, 10, 286
"c:\Users\snltty\Desktop\linker\src\linker.web\src\views\components\forward\forward.js", "JavaScript", 45, 0, 0, 0, 0, 0, 0, 0, 0, 2, 47
"c:\Users\snltty\Desktop\linker\src\linker.web\src\views\components\forward\sforward.js", "JavaScript", 49, 0, 0, 0, 0, 0, 0, 0, 0, 4, 53
"c:\Users\snltty\Desktop\linker\src\linker.web\src\views\components\groups\Groups.vue", "Vue", 0, 0, 0, 0, 157, 0, 0, 0, 3, 5, 165
"c:\Users\snltty\Desktop\linker\src\linker.web\src\views\components\groups\Index.vue", "Vue", 0, 0, 0, 0, 84, 0, 0, 0, 0, 3, 87
"c:\Users\snltty\Desktop\linker\src\linker.web\src\views\components\oper\Oper.vue", "Vue", 0, 0, 0, 0, 187, 0, 0, 0, 0, 28, 215
"c:\Users\snltty\Desktop\linker\src\linker.web\src\views\components\oper\OperAction.vue", "Vue", 0, 0, 0, 0, 40, 0, 0, 0, 0, 1, 41
"c:\Users\snltty\Desktop\linker\src\linker.web\src\views\components\oper\OperFirewall.vue", "Vue", 0, 0, 0, 0, 40, 0, 0, 0, 0, 2, 42
"c:\Users\snltty\Desktop\linker\src\linker.web\src\views\components\oper\OperFlow.vue", "Vue", 0, 0, 0, 0, 33, 0, 0, 0, 0, 1, 34
"c:\Users\snltty\Desktop\linker\src\linker.web\src\views\components\oper\OperRoutes.vue", "Vue", 0, 0, 0, 0, 63, 0, 0, 0, 0, 4, 67
"c:\Users\snltty\Desktop\linker\src\linker.web\src\views\components\oper\OperTransport.vue", "Vue", 0, 0, 0, 0, 40, 0, 0, 0, 0, 2, 42
"c:\Users\snltty\Desktop\linker\src\linker.web\src\views\components\oper\OperWakeup.vue", "Vue", 0, 0, 0, 0, 40, 0, 0, 0, 0, 2, 42
"c:\Users\snltty\Desktop\linker\src\linker.web\src\views\components\oper\oper.js", "JavaScript", 19, 0, 0, 0, 0, 0, 0, 0, 0, 1, 20
"c:\Users\snltty\Desktop\linker\src\linker.web\src\views\components\plan\PlanEdit.vue", "Vue", 0, 0, 0, 0, 277, 0, 0, 0, 0, 9, 286
"c:\Users\snltty\Desktop\linker\src\linker.web\src\views\components\plan\PlanList.vue", "Vue", 0, 0, 0, 0, 66, 0, 0, 0, 0, 5, 71
"c:\Users\snltty\Desktop\linker\src\linker.web\src\views\components\plan\PlanShow.vue", "Vue", 0, 0, 0, 0, 90, 0, 0, 0, 0, 7, 97
"c:\Users\snltty\Desktop\linker\src\linker.web\src\views\components\relay\Config.vue", "Vue", 0, 0, 0, 0, 86, 0, 0, 0, 0, 4, 90
"c:\Users\snltty\Desktop\linker\src\linker.web\src\views\components\relay\EditNode.vue", "Vue", 0, 0, 0, 0, 114, 0, 0, 0, 0, 4, 118
"c:\Users\snltty\Desktop\linker\src\linker.web\src\views\components\relay\Nodes.vue", "Vue", 0, 0, 0, 0, 221, 0, 0, 0, 0, 6, 227
"c:\Users\snltty\Desktop\linker\src\linker.web\src\views\components\socks5\Socks5.vue", "Vue", 0, 0, 0, 0, 32, 0, 0, 0, 0, 4, 36
"c:\Users\snltty\Desktop\linker\src\linker.web\src\views\components\socks5\Socks5Edit.vue", "Vue", 0, 0, 0, 0, 87, 0, 0, 0, 0, 3, 90
"c:\Users\snltty\Desktop\linker\src\linker.web\src\views\components\socks5\Socks5Lan.vue", "Vue", 0, 0, 0, 0, 146, 0, 0, 0, 0, 5, 151
"c:\Users\snltty\Desktop\linker\src\linker.web\src\views\components\socks5\Socks5Show.vue", "Vue", 0, 0, 0, 0, 138, 0, 0, 0, 0, 9, 147
"c:\Users\snltty\Desktop\linker\src\linker.web\src\views\components\socks5\socks5.js", "JavaScript", 58, 0, 0, 0, 0, 0, 0, 0, 0, 6, 64
"c:\Users\snltty\Desktop\linker\src\linker.web\src\views\components\status\Api.vue", "Vue", 0, 0, 0, 0, 53, 0, 0, 0, 0, 1, 54
"c:\Users\snltty\Desktop\linker\src\linker.web\src\views\components\status\Export.vue", "Vue", 0, 0, 0, 0, 264, 0, 0, 0, 0, 17, 281
"c:\Users\snltty\Desktop\linker\src\linker.web\src\views\components\status\Index.vue", "Vue", 0, 0, 0, 0, 70, 0, 0, 0, 1, 6, 77
"c:\Users\snltty\Desktop\linker\src\linker.web\src\views\components\status\server\Flow.vue", "Vue", 0, 0, 0, 0, 43, 0, 0, 0, 0, 3, 46
"c:\Users\snltty\Desktop\linker\src\linker.web\src\views\components\status\server\Index.vue", "Vue", 0, 0, 0, 0, 40, 0, 0, 0, 0, 4, 44
"c:\Users\snltty\Desktop\linker\src\linker.web\src\views\components\status\server\Version.vue", "Vue", 0, 0, 0, 0, 151, 0, 0, 0, 0, 11, 162
"c:\Users\snltty\Desktop\linker\src\linker.web\src\views\components\stopwatch\Stopwatch.vue", "Vue", 0, 0, 0, 0, 73, 0, 0, 0, 0, 6, 79
"c:\Users\snltty\Desktop\linker\src\linker.web\src\views\components\sync\Ids.vue", "Vue", 0, 0, 0, 0, 54, 0, 0, 0, 0, 4, 58
"c:\Users\snltty\Desktop\linker\src\linker.web\src\views\components\sync\Index.vue", "Vue", 0, 0, 0, 0, 92, 0, 0, 0, 0, 3, 95
"c:\Users\snltty\Desktop\linker\src\linker.web\src\views\components\transport\Transport.vue", "Vue", 0, 0, 0, 0, 93, 0, 0, 0, 0, 3, 96
"c:\Users\snltty\Desktop\linker\src\linker.web\src\views\components\tunnel\Tunnel.vue", "Vue", 0, 0, 0, 0, 153, 0, 0, 0, 0, 14, 167
"c:\Users\snltty\Desktop\linker\src\linker.web\src\views\components\tunnel\TunnelEdit.vue", "Vue", 0, 0, 0, 0, 124, 0, 0, 0, 0, 6, 130
"c:\Users\snltty\Desktop\linker\src\linker.web\src\views\components\tunnel\tunnel.js", "JavaScript", 74, 0, 0, 0, 0, 0, 0, 0, 0, 4, 78
"c:\Users\snltty\Desktop\linker\src\linker.web\src\views\components\tuntap\Tuntap.vue", "Vue", 0, 0, 0, 0, 30, 0, 0, 0, 0, 3, 33
"c:\Users\snltty\Desktop\linker\src\linker.web\src\views\components\tuntap\TuntapEdit.vue", "Vue", 0, 0, 0, 0, 79, 0, 0, 0, 0, 5, 84
"c:\Users\snltty\Desktop\linker\src\linker.web\src\views\components\tuntap\TuntapForward.vue", "Vue", 0, 0, 0, 0, 191, 0, 0, 0, 0, 10, 201
"c:\Users\snltty\Desktop\linker\src\linker.web\src\views\components\tuntap\TuntapIP.vue", "Vue", 0, 0, 0, 0, 114, 0, 0, 0, 0, 7, 121
"c:\Users\snltty\Desktop\linker\src\linker.web\src\views\components\tuntap\TuntapLan.vue", "Vue", 0, 0, 0, 0, 149, 0, 0, 0, 0, 5, 154
"c:\Users\snltty\Desktop\linker\src\linker.web\src\views\components\tuntap\TuntapLease.vue", "Vue", 0, 0, 0, 0, 134, 0, 0, 0, 0, 6, 140
"c:\Users\snltty\Desktop\linker\src\linker.web\src\views\components\tuntap\TuntapShow.vue", "Vue", 0, 0, 0, 0, 177, 0, 0, 0, 0, 12, 189
"c:\Users\snltty\Desktop\linker\src\linker.web\src\views\components\tuntap\tuntap.js", "JavaScript", 77, 0, 0, 0, 0, 0, 0, 0, 0, 11, 88
"c:\Users\snltty\Desktop\linker\src\linker.web\src\views\components\updater\Config.vue", "Vue", 0, 0, 0, 0, 37, 0, 0, 0, 0, 2, 39
"c:\Users\snltty\Desktop\linker\src\linker.web\src\views\components\updater\UpdaterBtn.vue", "Vue", 0, 0, 0, 0, 154, 0, 0, 0, 0, 8, 162
"c:\Users\snltty\Desktop\linker\src\linker.web\src\views\components\updater\UpdaterConfirm.vue", "Vue", 0, 0, 0, 0, 98, 0, 0, 0, 0, 9, 107
"c:\Users\snltty\Desktop\linker\src\linker.web\src\views\components\updater\updater.js", "JavaScript", 56, 0, 0, 0, 0, 0, 0, 0, 0, 7, 63
"c:\Users\snltty\Desktop\linker\src\linker.web\src\views\components\wakeup\Add.vue", "Vue", 0, 0, 0, 0, 216, 0, 0, 0, 0, 6, 222
"c:\Users\snltty\Desktop\linker\src\linker.web\src\views\components\wakeup\Wakeup.vue", "Vue", 0, 0, 0, 0, 210, 0, 0, 0, 0, 9, 219
"c:\Users\snltty\Desktop\linker\src\linker.web\src\views\components\wlist\Add.vue", "Vue", 0, 0, 0, 0, 146, 0, 0, 0, 0, 10, 156
"c:\Users\snltty\Desktop\linker\src\linker.web\src\views\components\wlist\Index.vue", "Vue", 0, 0, 0, 0, 21, 0, 0, 0, 0, 4, 25
"c:\Users\snltty\Desktop\linker\src\linker.web\src\views\components\wlist\Manager.vue", "Vue", 0, 0, 0, 0, 145, 0, 0, 0, 0, 7, 152
"c:\Users\snltty\Desktop\linker\src\linker.web\src\views\layout\full\Index.vue", "Vue", 0, 0, 0, 0, 84, 0, 0, 0, 0, 4, 88
"c:\Users\snltty\Desktop\linker\src\linker.web\src\views\layout\full\action\Index.vue", "Vue", 0, 0, 0, 0, 25, 0, 0, 0, 0, 0, 25
"c:\Users\snltty\Desktop\linker\src\linker.web\src\views\layout\full\config\Config.vue", "Vue", 0, 0, 0, 0, 94, 0, 0, 0, 0, 4, 98
"c:\Users\snltty\Desktop\linker\src\linker.web\src\views\layout\full\config\Index.vue", "Vue", 0, 0, 0, 0, 29, 0, 0, 0, 0, 0, 29
"c:\Users\snltty\Desktop\linker\src\linker.web\src\views\layout\full\firewall\Index.vue", "Vue", 0, 0, 0, 0, 35, 0, 0, 0, 0, 3, 38
"c:\Users\snltty\Desktop\linker\src\linker.web\src\views\layout\full\head\Background.vue", "Vue", 0, 0, 0, 0, 80, 0, 0, 0, 0, 6, 86
"c:\Users\snltty\Desktop\linker\src\linker.web\src\views\layout\full\head\Index.vue", "Vue", 0, 0, 0, 0, 105, 0, 0, 0, 0, 15, 120
"c:\Users\snltty\Desktop\linker\src\linker.web\src\views\layout\full\head\Locale.vue", "Vue", 0, 0, 0, 0, 58, 0, 0, 0, 0, 5, 63
"c:\Users\snltty\Desktop\linker\src\linker.web\src\views\layout\full\head\Menu.vue", "Vue", 0, 0, 0, 0, 151, 0, 0, 0, 0, 7, 158
"c:\Users\snltty\Desktop\linker\src\linker.web\src\views\layout\full\head\Theme.vue", "Vue", 0, 0, 0, 0, 45, 0, 0, 0, 0, 5, 50
"c:\Users\snltty\Desktop\linker\src\linker.web\src\views\layout\full\install\Client.vue", "Vue", 0, 0, 0, 0, 168, 0, 0, 0, 0, 7, 175
"c:\Users\snltty\Desktop\linker\src\linker.web\src\views\layout\full\install\Common.vue", "Vue", 0, 0, 0, 0, 51, 0, 0, 0, 0, 6, 57
"c:\Users\snltty\Desktop\linker\src\linker.web\src\views\layout\full\install\Copy.vue", "Vue", 0, 0, 0, 0, 38, 0, 0, 0, 0, 4, 42
"c:\Users\snltty\Desktop\linker\src\linker.web\src\views\layout\full\install\Index.vue", "Vue", 0, 0, 0, 0, 38, 0, 0, 0, 0, 3, 41
"c:\Users\snltty\Desktop\linker\src\linker.web\src\views\layout\full\install\Input.vue", "Vue", 0, 0, 0, 0, 87, 0, 0, 0, 0, 3, 90
"c:\Users\snltty\Desktop\linker\src\linker.web\src\views\layout\full\install\Save.vue", "Vue", 0, 0, 0, 0, 57, 0, 0, 0, 0, 4, 61
"c:\Users\snltty\Desktop\linker\src\linker.web\src\views\layout\full\install\Server.vue", "Vue", 0, 0, 0, 0, 178, 0, 0, 0, 0, 7, 185
"c:\Users\snltty\Desktop\linker\src\linker.web\src\views\layout\full\list\Index.vue", "Vue", 0, 0, 0, 0, 230, 0, 0, 0, 0, 29, 259
"c:\Users\snltty\Desktop\linker\src\linker.web\src\views\layout\full\list\Sort.vue", "Vue", 0, 0, 0, 0, 68, 0, 0, 0, 0, 7, 75
"c:\Users\snltty\Desktop\linker\src\linker.web\src\views\layout\full\logger\Index.vue", "Vue", 0, 0, 0, 0, 163, 0, 0, 0, 0, 14, 177
"c:\Users\snltty\Desktop\linker\src\linker.web\src\views\layout\full\logger\Setting.vue", "Vue", 0, 0, 0, 0, 127, 0, 0, 0, 0, 8, 135
"c:\Users\snltty\Desktop\linker\src\linker.web\src\views\layout\full\transport\Index.vue", "Vue", 0, 0, 0, 0, 27, 0, 0, 0, 0, 0, 27
"c:\Users\snltty\Desktop\linker\src\linker.web\src\views\layout\full\wakeup\Index.vue", "Vue", 0, 0, 0, 0, 35, 0, 0, 0, 0, 2, 37
"c:\Users\snltty\Desktop\linker\src\linker.web\src\views\layout\net\Head.vue", "Vue", 0, 0, 0, 0, 75, 0, 0, 0, 0, 7, 82
"c:\Users\snltty\Desktop\linker\src\linker.web\src\views\layout\net\Index.vue", "Vue", 0, 0, 0, 0, 51, 0, 0, 0, 0, 5, 56
"c:\Users\snltty\Desktop\linker\src\linker.web\src\views\layout\net\List.vue", "Vue", 0, 0, 0, 0, 95, 0, 0, 0, 0, 10, 105
"c:\Users\snltty\Desktop\linker\src\linker.web\vue.config.js", "JavaScript", 10, 0, 0, 0, 0, 0, 0, 0, 0, 1, 11
"Total", "-", 2193, 15, 10030, 47, 11254, 23, 19, 393, 38, 1018, 25030